{"lib/assets/android_icon.png":["lib/assets/android_icon.png"],"lib/assets/app-store-icon.jpg":["lib/assets/app-store-icon.jpg"],"lib/assets/connecting.json":["lib/assets/connecting.json"],"lib/assets/loading_screen.png":["lib/assets/loading_screen.png"],"lib/assets/man-watching-a-movie.json":["lib/assets/man-watching-a-movie.json"],"lib/assets/play-store-icon.jpg":["lib/assets/play-store-icon.jpg"],"lib/assets/satellite.json":["lib/assets/satellite.json"],"lib/assets/searching.json":["lib/assets/searching.json"],"lib/assets/splash_logo.png":["lib/assets/splash_logo.png"],"lib/assets/three_emulators.png":["lib/assets/three_emulators.png"],"packages/cupertino_icons/assets/CupertinoIcons.ttf":["packages/cupertino_icons/assets/CupertinoIcons.ttf"],"packages/flutter_inappwebview/assets/t_rex_runner/t-rex.css":["packages/flutter_inappwebview/assets/t_rex_runner/t-rex.css"],"packages/flutter_inappwebview/assets/t_rex_runner/t-rex.html":["packages/flutter_inappwebview/assets/t_rex_runner/t-rex.html"],"packages/flutter_inappwebview/assets/web/web_support.js":["packages/flutter_inappwebview/assets/web/web_support.js"],"packages/flutter_neumorphic/fonts/NeumorphicIcons.ttf":["packages/flutter_neumorphic/fonts/NeumorphicIcons.ttf"]}